{"cameraMode":{"drawMode":0,"name":"Shaded","section":"Shading Mode"},"sceneLighting":true,"audioPlay":false,"sceneViewState":{"showFog":true,"showMaterialUpdate":false,"showSkybox":true,"showFlares":true,"showImageEffects":true,"showParticleSystems":true},"in2DMode":false,"pivot":{"x":-0.29270458221435549,"y":-1.7999999523162842,"z":-4.789999961853027},"rotation":{"x":0.2724936306476593,"y":-0.2577550709247589,"z":0.07597263902425766,"w":0.9238440990447998},"size":18.685840606689454,"orthographic":true}