{"cameraMode":{"drawMode":0,"name":"Shaded","section":"Shading Mode"},"sceneLighting":true,"audioPlay":false,"sceneViewState":{"showFog":true,"showMaterialUpdate":false,"showSkybox":true,"showFlares":true,"showImageEffects":true,"showParticleSystems":true},"in2DMode":false,"pivot":{"x":-0.2199999988079071,"y":6.679999828338623,"z":-12.239999771118164},"rotation":{"x":-0.12893718481063844,"y":0.01187785342335701,"z":-0.0015211441786959768,"w":-0.9915552735328674},"size":12.615729331970215,"orthographic":true}