{"cameraMode":{"drawMode":0,"name":"Shaded","section":"Shading Mode"},"sceneLighting":false,"audioPlay":false,"sceneViewState":{"showFog":true,"showMaterialUpdate":false,"showSkybox":false,"showFlares":true,"showImageEffects":true,"showParticleSystems":true},"in2DMode":false,"pivot":{"x":-0.37999993562698367,"y":1.529999852180481,"z":-0.15000003576278687},"rotation":{"x":0.2724936306476593,"y":-0.2577550709247589,"z":0.07597263902425766,"w":0.9238440990447998},"size":3.0652003288269045,"orthographic":true}